action,actor,user,org,repo,created_at,data.hook_id,data.events,data.events_were,data.target_login,data.old_user,data.team,data.runner_group_id,data.runner_group_name,data.runner_group_visibility,data.runner_group_allow_public
repo.pages_source,luis33338,luis33338,,luis33338/This-is-an-agile-HTML-parser-that-builds-a-read-write-DOM-and-supports-plain-XPATH-or-XSLT-you-actu,1611409063804,,,,,,,,,,
user.show_private_contributions_count,luis33338,luis33338,,,1611424023669,,,,,,,,,,
repo.change_merge_setting,luis33338,,,,1611409007434,,,,,,,,,,
repo.change_merge_setting,luis33338,,,,1611423658300,,,,,,,,,,
repo.change_merge_setting,luis33338,,,,1611419717589,,,,,,,,,,
repo.change_merge_setting,luis33338,,,,1611408993755,,,,,,,,,,
repo.change_merge_setting,luis33338,luis33338,,luis33338/This-is-an-agile-HTML-parser-that-builds-a-read-write-DOM-and-supports-plain-XPATH-or-XSLT-you-actu,1611409003258,,,,,,,,,,
oauth_authorization.create,luis33338,luis33338,,,1611408852371,,,,,,,,,,
repo.create,luis33338,luis33338,,luis33338/paquete-okhttp3.guide-import-java.io.IOException-import-okhttp3.OkHttpClient-import-okhttp3.Requ,1611419717794,,,,,,,,,,
user.show_private_contributions_count,luis33338,luis33338,,,1611423013764,,,,,,,,,,
repo.change_merge_setting,luis33338,,,,1611407937737,,,,,,,,,,
repo.change_merge_setting,luis33338,luis33338,,luis33338/This-is-an-agile-HTML-parser-that-builds-a-read-write-DOM-and-supports-plain-XPATH-or-XSLT-you-actu,1611409007415,,,,,,,,,,
repo.change_merge_setting,luis33338,,,,1611409016616,,,,,,,,,,
integration_installation.create,luis33338,luis33338,,,1611409064009,,,,,,,,,,
user.login,luis33338,luis33338,,,1611403780159,,,,,,,,,,
repo.pages_create,luis33338,luis33338,,luis33338/This-is-an-agile-HTML-parser-that-builds-a-read-write-DOM-and-supports-plain-XPATH-or-XSLT-you-actu,1611409063783,,,,,,,,,,
user.create,luis33338,luis33338,,,1611403779860,,,,,,,,,,
oauth_authorization.create,luis33338,luis33338,,,1611404808663,,,,,,,,,,
repo.change_merge_setting,luis33338,,,,1611409000853,,,,,,,,,,
user.show_private_contributions_count,luis33338,luis33338,,,1611419272448,,,,,,,,,,
repo.create,luis33338,luis33338,,luis33338/This-is-an-agile-HTML-parser-that-builds-a-read-write-DOM-and-supports-plain-XPATH-or-XSLT-you-actu,1611407937975,,,,,,,,,,
repo.change_merge_setting,luis33338,luis33338,,luis33338/This-is-an-agile-HTML-parser-that-builds-a-read-write-DOM-and-supports-plain-XPATH-or-XSLT-you-actu,1611409000817,,,,,,,,,,
repo.pages_public,luis33338,luis33338,,luis33338/This-is-an-agile-HTML-parser-that-builds-a-read-write-DOM-and-supports-plain-XPATH-or-XSLT-you-actu,1611409063820,,,,,,,,,,
repo.change_merge_setting,luis33338,,,,1611409003289,,,,,,,,,,
repo.create,luis33338,luis33338,,luis33338/6524,1611423658505,,,,,,,,,,
repo.change_merge_setting,luis33338,luis33338,,luis33338/This-is-an-agile-HTML-parser-that-builds-a-read-write-DOM-and-supports-plain-XPATH-or-XSLT-you-actu,1611408993731,,,,,,,,,,
